﻿<?xml version="1.0" encoding="UTF-8"?>
<addon id="plugin.video.sporetv"
  version="0.1.4"
  name="Singapore TV"
  provider-name="mamborambo">

<requires>
  <import addon="xbmc.python" version="2.24.0"/>
  <import addon="script.module.simplejson" version="2.0.10" />
  <import addon="plugin.video.youtube" version="4.4.10" />
  <import addon="script.module.pyamf" version="0.6.2"/>
</requires>

<extension point="xbmc.python.pluginsource" library="default.py" olib="main.py">
  <provides>video</provides>
</extension>

<extension point="xbmc.addon.metadata">
  <summary lang="en">Singapore experimental Kodi Video Plugin</summary>
  <platform>all</platform>
  <description lang="en">Lets see if you can stream from SG.</description>
  <disclaimer lang="en">Some vids from toggle.com, others from OTA antennas.</disclaimer>
  <source>https://github.com/kaceo/plugin.video.sporetv</source>

  <assets>
    <icon>icon.png</icon>
    <fanart>fanart.jpg</fanart>
    <screenshot>resources\screenshot-01.jpg</screenshot>
    <screenshot>resources\screenshot-02.jpg</screenshot>
    <screenshot>resources\screenshot-03.jpg</screenshot>    
  </assets>
  <news>Updated with latest artwork metadata</news>
</extension>

</addon>
