﻿<?xml version="1.0" encoding="UTF-8"?>
<addon id="plugin.video.sporetv"
version="0.1.3"
name="Singapore TV Kodi Video Plugin"
provider-name="mamborambo">
<requires>
  <import addon="xbmc.python" version="2.24.0"/>
</requires>
<extension point="xbmc.python.pluginsource" library="main.py">
  <provides>video</provides>
</extension>
<extension point="xbmc.addon.metadata">
  <summary lang="en">Singapore experimental Kodi Video Plugin</summary>
  <description lang="en">Lets see if you can stream from SG.</description>
  <disclaimer lang="en">Some vids from toggle.com, others from OTA antennas.</disclaimer>
  <assets>
    <icon>icon.png</icon>
    <fanart>fanart.jpg</fanart>
    <screenshot>resources\screenshot-01.jpg</screenshot>
    <screenshot>resources\screenshot-02.jpg</screenshot>
    <screenshot>resources\screenshot-03.jpg</screenshot>    
  </assets>
  <news>Updated with latest artwork metadata</news>
</extension>
</addon>
